Filename	CRC
b 04---archit_webgl_urp.unity3d	959069719
b 13---archit_webgl_urp.unity3d	1445841572
b22.1  besedka--00_webgl_urp.unity3d	2531718564
c002.2  trenaj lesenki   _webgl_urp.unity3d	2532056277
c003.2  trenaj lesenki   _webgl_urp.unity3d	3816002868
c004.1  lsenki plamya   _webgl_urp.unity3d	1203140099
d08 pesochn  --00_webgl_urp.unity3d	1664268808
ig01.16-gorka vosmiug-0_webgl_urp.unity3d	2394381932
ik01.10 gorka krasno-jelt_webgl_urp.unity3d	1995494421
ik05- gorka 3k basket_webgl_urp.unity3d	4271846881
k06 karuselka   -_webgl_urp.unity3d	1033194402
k06.5  karus kreslai  _webgl_urp.unity3d	3423028163
k07 prost kach balansir   _webgl_urp.unity3d	3963055001
k2.2  kach skam    --  _webgl_urp.unity3d	3507310360
k2.6  kach krugl   kozrk --  _webgl_urp.unity3d	1978071705
